timestamp,AAPL,MSFT,NVDA,AMZN,GOOGL,META,BRK-B,TSLA,LVMUY,JPM
2024-05-06,180.8560333251953,410.40667724609375,92.10972595214844,188.6999969482422,167.30014038085938,463.9873046875,404.9200134277344,184.75999450683594,169.0,187.6480712890625
2024-05-07,181.54278564453125,406.238525390625,90.52424621582031,188.75999450683594,170.43515014648438,466.53802490234375,406.1400146484375,177.80999755859375,170.2100067138672,187.4037322998047
2024-05-08,181.88119506835938,407.4294128417969,90.3823013305664,188.0,168.57406616210938,470.8821716308594,406.3699951171875,174.72000122070312,169.83999633789062,191.21534729003906
2024-05-09,183.7025909423828,409.1959228515625,88.71784973144531,189.5,169.15130615234375,473.6919250488281,408.82000732421875,171.97000122070312,170.1300048828125,193.02342224121094
2024-05-10,182.43682861328125,411.59759521484375,89.84848022460938,187.47999572753906,167.84751892089844,474.4690856933594,412.04998779296875,168.47000122070312,169.52999877929688,194.26463317871094
2024-05-13,185.65602111816406,410.5853271484375,90.36930847167969,186.57000732421875,168.33517456054688,466.3088684082031,411.2200012207031,171.88999938964844,168.75,194.22552490234375
2024-05-14,186.8021697998047,413.40380859375,91.32599639892578,187.07000732421875,169.52947998046875,470.1349182128906,410.239990234375,177.5500030517578,171.9199981689453,196.9425048828125
2024-05-15,189.08450317382812,420.6317443847656,94.59890747070312,185.99000549316406,171.68914794921875,479.7896423339844,412.760009765625,173.99000549316406,171.22000122070312,197.52891540527344
2024-05-16,189.2041015625,418.5538024902344,94.3280029296875,183.6300048828125,173.35121154785156,471.5098876953125,413.1199951171875,174.83999633789062,170.2899932861328,197.88076782226562
2024-05-17,189.2340087890625,417.7783203125,92.44861602783203,184.6999969482422,175.22227478027344,470.1947021484375,416.94000244140625,177.4600067138672,170.44000244140625,200.14816284179688
2024-05-20,190.40008544921875,422.878662109375,94.74886322021484,183.5399932861328,176.0781707763672,467.1358337402344,413.0,174.9499969482422,168.85000610351562,191.1469268798828
2024-05-21,191.70570373535156,426.5572509765625,95.35466766357422,183.14999389648438,177.00376892089844,462.941162109375,414.3699951171875,186.60000610351562,166.60000610351562,194.9976348876953
2024-05-22,190.26055908203125,428.0286865234375,94.91881561279297,183.1300048828125,175.54075622558594,466.0796813964844,413.989990234375,180.11000061035156,162.27000427246094,193.81504821777344
2024-05-23,186.25401306152344,424.529052734375,103.76490783691406,181.0500030517578,172.72421264648438,464.0869445800781,405.8800048828125,173.74000549316406,161.30999755859375,192.45655822753906
2024-05-24,189.3436279296875,427.6707763671875,106.43402862548828,180.75,174.1573486328125,476.4817199707031,407.4100036621094,179.24000549316406,163.0500030517578,196.16067504882812
2024-05-28,189.35360717773438,427.8298645019531,113.86358642578125,182.14999389648438,175.56065368652344,478.1755676269531,403.8999938964844,176.75,161.6999969482422,194.97808837890625
2024-05-29,189.652587890625,426.6865234375,114.78727722167969,182.02000427246094,175.0630340576172,472.6357421875,404.0899963378906,176.19000244140625,156.3800048828125,193.6195831298828
2024-05-30,190.6492462158203,412.2704162597656,110.46369934082031,179.32000732421875,171.2910614013672,465.3523254394531,408.6099853515625,178.7899932861328,158.91000366210938,194.8119354248047
2024-05-31,191.6060333251953,412.7277526855469,109.59699249267578,176.44000244140625,171.67919921875,465.13311767578125,414.3999938964844,178.0800018310547,160.74000549316406,198.03712463378906
2024-06-03,193.3800506591797,411.1270446777344,114.96222686767578,178.33999633789062,172.3460235595703,475.75439453125,414.7900085449219,176.2899932861328,160.58999633789062,197.24549865722656
2024-06-04,193.69898986816406,413.6623229980469,116.39875793457031,179.33999633789062,172.9630584716797,475.2561950683594,409.5299987792969,174.77000427246094,160.6199951171875,194.6457977294922
2024-06-05,195.21389770507812,421.5563659667969,122.3997802734375,181.27999877929688,174.57537841796875,493.2605285644531,409.8500061035156,175.0,164.75,192.78884887695312
2024-06-06,193.82855224609375,422.0633850097656,120.95825958251953,185.0,175.8890838623047,491.96527099609375,411.0799865722656,177.94000244140625,166.02999877929688,192.44677734375
2024-06-07,196.23048400878906,421.3973083496094,120.84829711914062,184.3000030517578,173.6298828125,491.16815185546875,413.7200012207031,177.47999572753906,164.5500030517578,195.41787719726562
2024-06-10,192.4730987548828,425.3940124511719,121.74999237060547,187.05999755859375,174.37716674804688,500.77313232421875,410.80999755859375,173.7899932861328,160.91000366210938,195.0855712890625
2024-06-11,206.45611572265625,430.1761779785156,120.88021087646484,187.22999572753906,175.98135375976562,505.62542724609375,408.5,170.66000366210938,158.77000427246094,189.95457458496094
2024-06-12,212.35630798339844,438.5076904296875,125.16914367675781,186.88999938964844,177.14710998535156,506.9903869628906,408.7699890136719,177.2899932861328,158.82000732421875,187.188720703125
2024-06-13,213.52236938476562,439.0246887207031,129.57806396484375,183.8300018310547,174.52662658691406,502.2676696777344,405.9200134277344,182.47000122070312,157.35000610351562,189.2704620361328
2024-06-14,211.77822875976562,440.00897216796875,131.84751892089844,183.66000366210938,176.15072631835938,502.8262023925781,405.5400085449219,178.00999450683594,152.83999633789062,189.38772583007812
2024-06-17,215.94422912597656,445.775390625,130.94773864746094,184.05999755859375,176.59912109375,505.2896423339844,407.32000732421875,187.44000244140625,155.10000610351562,190.56053161621094
2024-06-18,213.5721893310547,443.75714111328125,135.54660034179688,182.80999755859375,174.45687866210938,498.16851806640625,407.95001220703125,184.86000061035156,152.4600067138672,192.5347442626953
2024-06-20,208.97764587402344,443.120849609375,130.74778747558594,186.10000610351562,175.66250610351562,500.3727111816406,409.1499938964844,181.57000732421875,152.57000732421875,194.16688537597656
2024-06-21,206.79498291015625,447.17724609375,126.53881072998047,189.0800018310547,178.98048400878906,493.47100830078125,409.6199951171875,183.00999450683594,153.38999938964844,191.85061645507812
2024-06-24,207.4427947998047,445.0794677734375,118.08090209960938,185.57000732421875,178.5719451904297,497.590087890625,413.9800109863281,182.5800018310547,155.36000061035156,194.37213134765625
2024-06-25,208.36968994140625,448.3404541015625,126.05892181396484,186.33999633789062,183.36456298828125,509.2491760253906,410.9700012207031,187.35000610351562,158.6699981689453,193.5804901123047
2024-06-26,212.5356903076172,449.54345703125,126.36885833740234,193.61000061035156,183.21510314941406,511.7624816894531,410.260009765625,196.3699951171875,155.52999877929688,192.95497131347656
2024-06-27,213.3828582763672,450.2294921875,123.95944213867188,197.85000610351562,184.73956298828125,518.1854248046875,407.95001220703125,197.4199981689453,153.13999938964844,194.65554809570312
2024-06-28,209.9144744873047,444.3636474609375,123.50955963134766,193.25,181.49134826660156,502.8860168457031,406.79998779296875,197.8800048828125,153.35000610351562,197.67550659179688
2024-07-01,216.02395629882812,454.0870361328125,124.26937866210938,197.1999969482422,182.32830810546875,503.34478759765625,405.19000244140625,209.86000061035156,153.2899932861328,200.793212890625
2024-07-02,219.53216552734375,456.62225341796875,122.6397705078125,200.0,184.5701904296875,508.1520690917969,407.1000061035156,231.25999450683594,153.5,204.09661865234375
2024-07-03,220.80789184570312,458.1036376953125,128.24839782714844,197.58999633789062,185.14810180664062,508.6108703613281,405.7699890136719,246.38999938964844,154.5500030517578,203.95977783203125
2024-07-05,225.5818328857422,464.8543395996094,125.79899597167969,200.0,189.9108123779297,538.4815673828125,411.1700134277344,251.52000427246094,155.8699951171875,201.25721740722656
2024-07-08,227.056884765625,463.5419921875,128.16839599609375,199.2899932861328,188.34646606445312,527.9196166992188,409.0799865722656,252.94000244140625,150.66000366210938,201.6306610107422
2024-07-09,227.9139862060547,456.8807678222656,131.34764099121094,199.33999633789062,188.29664611816406,528.5978393554688,410.5199890136719,262.3299865722656,148.33999633789062,204.04823303222656
2024-07-10,232.1995849609375,463.55194091796875,134.87677001953125,199.7899932861328,190.48870849609375,533.275390625,413.7900085449219,263.260009765625,151.52000427246094,204.2152862548828
2024-07-11,226.80772399902344,452.06878662109375,127.36861419677734,195.0500030517578,184.89898681640625,511.3436279296875,418.7799987792969,241.02999877929688,154.1300048828125,203.87132263183594
2024-07-12,229.76776123046875,450.9254150390625,129.2081756591797,194.49000549316406,184.4008026123047,497.5502014160156,424.44000244140625,248.22999572753906,158.52999877929688,201.40463256835938
2024-07-15,233.61483764648438,451.3330383300781,128.40835571289062,192.72000122070312,185.8555145263672,494.84735107421875,434.4200134277344,252.63999938964844,153.32000732421875,206.42648315429688
2024-07-16,234.033447265625,446.9187316894531,126.32886505126953,193.02000427246094,183.25494384765625,488.4942321777344,438.8999938964844,256.55999755859375,151.60000610351562,209.9348907470703
2024-07-17,228.1133270263672,440.9534606933594,117.96092987060547,187.92999267578125,180.36544799804688,460.7677307128906,445.6099853515625,248.5,150.80999755859375,213.12881469726562
2024-07-18,223.42906188964844,437.8216857910156,121.0601577758789,183.75,177.0474853515625,474.5910949707031,441.82000732421875,249.22999572753906,150.4499969482422,206.357666015625
2024-07-19,223.55862426757812,434.5805358886719,117.90094757080078,183.1300048828125,177.017578125,475.52862548828125,434.4700012207031,239.1999969482422,148.0,206.1611328125
2024-07-22,223.20980834960938,440.3768615722656,123.50955963134766,182.5500030517578,181.01309204101562,486.11053466796875,435.9800109863281,251.50999450683594,152.19000244140625,206.65249633789062
2024-07-23,224.25628662109375,442.2757873535156,122.5597915649414,186.41000366210938,181.1326446533203,487.3971252441406,434.010009765625,246.3800048828125,146.16000366210938,206.70162963867188
2024-07-24,217.80795288085938,426.4180908203125,114.22184753417969,180.8300018310547,172.0057830810547,460.0496520996094,432.79998779296875,215.99000549316406,141.97999572753906,204.9916534423828
2024-07-25,216.76148986816406,415.97882080078125,112.25233459472656,179.85000610351562,166.6751251220703,452.21044921875,433.2900085449219,220.25,142.83999633789062,205.07028198242188
2024-07-26,217.2299041748047,422.8090515136719,113.03213500976562,182.5,166.39613342285156,464.46795654296875,437.6600036621094,219.8000030517578,144.27999877929688,208.5786895751953
2024-07-29,217.50897216796875,424.2606201171875,111.5625,183.1999969482422,168.9169921875,464.4779052734375,438.30999755859375,232.10000610351562,142.2899932861328,207.21267700195312
2024-07-30,218.0670928955078,420.4726867675781,103.7044448852539,181.7100067138672,169.6742401123047,461.9645690917969,441.260009765625,222.6199951171875,140.8300018310547,211.47781372070312
2024-07-31,221.3361053466797,415.9291076660156,116.99115753173828,186.97999572753906,170.91969299316406,473.57379150390625,438.5,232.07000732421875,140.44000244140625,209.1290283203125
2024-08-01,217.62857055664062,414.6962585449219,109.18309783935547,184.07000732421875,170.1425323486328,496.4231872558594,431.80999755859375,216.86000061035156,137.9199981689453,204.37254333496094
2024-08-02,219.12353515625,406.1261901855469,107.24356079101562,167.89999389648438,166.057373046875,486.84857177734375,428.3599853515625,207.6699981689453,138.2100067138672,195.70468139648438
2024-08-05,208.5690155029297,392.86334228515625,100.42524719238281,161.02000427246094,158.6741485595703,474.471435546875,413.7200012207031,198.8800048828125,136.36000061035156,191.53781127929688
2024-08-06,206.5358428955078,397.29754638671875,104.22431182861328,161.92999267578125,157.71762084960938,492.7828369140625,422.1400146484375,200.63999938964844,136.1300048828125,196.88397216796875
2024-08-07,209.1171875,396.1243591308594,98.88563537597656,162.77000427246094,158.36526489257812,487.62652587890625,427.0199890136719,191.75999450683594,135.52999877929688,196.94293212890625
2024-08-08,212.59547424316406,400.3597412109375,104.94413757324219,165.8000030517578,161.444091796875,508.28173828125,431.5400085449219,198.83999633789062,138.5,200.53981018066406
2024-08-09,215.51568603515625,403.6704406738281,104.72418975830078,166.94000244140625,163.0781707763672,516.4002075195312,431.6700134277344,200.0,139.0,202.24978637695312
2024-08-12,217.0522918701172,404.4559020996094,108.9931411743164,166.8000030517578,161.7031707763672,514.5850219726562,430.3900146484375,197.49000549316406,138.72000122070312,202.63307189941406
2024-08-13,220.78407287597656,411.6142272949219,116.11138153076172,170.22999572753906,163.56640625,527.1416625976562,432.4100036621094,207.8300018310547,140.14999389648438,204.35287475585938
2024-08-14,221.23309326171875,414.4477233886719,118.05091094970703,170.10000610351562,159.79010009765625,525.3663940429688,438.4700012207031,201.3800048828125,142.16000366210938,206.6132049560547
2024-08-15,224.22650146484375,419.34808349609375,122.8297348022461,177.58999633789062,160.7167510986328,535.908447265625,440.8399963378906,214.13999938964844,144.27999877929688,207.90060424804688
2024-08-16,225.5535888671875,416.7983093261719,124.54930114746094,177.05999755859375,162.37074279785156,526.0245971679688,444.510009765625,216.1199951171875,145.36000061035156,210.2788543701172
2024-08-19,225.39393615722656,419.8460998535156,129.9679718017578,178.22000122070312,166.0673370361328,527.8797607421875,448.7699890136719,222.72000122070312,149.60000610351562,211.7333221435547
2024-08-20,226.0125732421875,423.10302734375,127.21864318847656,178.8800048828125,166.5754852294922,525.33642578125,448.3599853515625,221.10000610351562,150.72999572753906,210.8193817138672
2024-08-21,225.90280151367188,422.4456787109375,128.46835327148438,180.11000061035156,165.2502899169922,533.744140625,446.6000061035156,223.27000427246094,151.57000732421875,210.8979949951172
2024-08-22,224.03692626953125,413.8899841308594,123.70951080322266,176.1300048828125,163.2077178955078,530.522705078125,449.0299987792969,210.66000366210938,149.85000610351562,212.89297485351562
2024-08-23,226.3418426513672,415.1250305175781,129.33811950683594,177.0399932861328,165.0211181640625,526.6031494140625,453.3800048828125,220.32000732421875,152.5,214.54397583007812
2024-08-26,226.68109130859375,411.83819580078125,126.42884063720703,175.5,165.55917358398438,519.7413330078125,454.489990234375,213.2100067138672,152.10000610351562,215.38914489746094
2024-08-27,227.5292205810547,412.1867980957031,128.26840209960938,173.1199951171875,164.0845184326172,517.7266235351562,460.6300048828125,209.2100067138672,149.8000030517578,216.38172912597656
2024-08-28,225.99261474609375,408.95977783203125,125.57905578613281,170.8000030517578,162.2611541748047,515.412841796875,464.5899963378906,205.75,147.88999938964844,217.4725799560547
2024-08-29,229.28536987304688,411.4696960449219,117.56102752685547,172.1199951171875,161.19500732421875,516.8489379882812,468.3699951171875,206.27999877929688,149.5800018310547,218.37672424316406
2024-08-30,228.49710083007812,415.4736328125,119.34059143066406,178.5,162.7892303466797,519.9307861328125,475.9200134277344,214.11000061035156,149.07000732421875,220.92202758789062
2024-09-03,222.28077697753906,407.80438232421875,107.973388671875,176.25,156.79100036621094,510.40606689453125,476.8299865722656,210.60000610351562,147.6300048828125,216.49964904785156
2024-09-04,220.36500549316406,407.26654052734375,106.18383026123047,173.3300018310547,155.88427734375,511.38348388671875,478.57000732421875,219.41000366210938,142.3000030517578,215.54638671875
2024-09-05,221.89163208007812,406.7585754394531,107.18358612060547,177.88999938964844,156.6714324951172,515.4926147460938,464.9200134277344,230.1699981689453,137.35000610351562,213.87571716308594
2024-09-06,220.3350830078125,400.0953063964844,102.8046646118164,171.38999938964844,150.374267578125,498.94647216796875,459.4200134277344,210.72999572753906,135.67999267578125,208.79490661621094
2024-09-09,220.42486572265625,404.0992431640625,106.44377136230469,175.39999389648438,148.368896484375,503.45452880859375,459.6099853515625,216.27000427246094,136.4600067138672,213.06985473632812
2024-09-10,219.6266326904297,412.5453796386719,108.0733642578125,179.5500030517578,148.31900024414062,503.45452880859375,458.9200134277344,226.1699981689453,135.36000061035156,202.01393127441406
2024-09-11,222.1710205078125,421.3500671386719,116.88119506835938,184.52000427246094,150.8132781982422,510.4758605957031,453.1000061035156,228.1300048828125,135.08999633789062,203.65512084960938
2024-09-12,222.28077697753906,425.29425048828125,119.12083435058594,187.0,154.33517456054688,524.2094116210938,450.8699951171875,229.80999755859375,134.8800048828125,203.03598022460938
2024-09-13,222.01138305664062,428.8699035644531,119.0808334350586,186.49000549316406,157.09881591796875,523.2320556640625,447.6099853515625,230.2899932861328,134.9499969482422,200.79531860351562
2024-09-16,215.84495544433594,429.6169128417969,116.7612075805664,184.88999938964844,157.6974334716797,532.3765869140625,451.7799987792969,226.77999877929688,135.22999572753906,204.2742462158203
2024-09-17,216.31390380859375,433.41168212890625,115.57140350341797,186.8800048828125,158.95455932617188,535.4114379882812,456.67999267578125,227.8699951171875,134.94000244140625,205.64027404785156
2024-09-18,220.20535278320312,429.0890197753906,113.35176086425781,186.42999267578125,159.44342041015625,537.0386352539062,456.6000061035156,227.1999969482422,133.3000030517578,203.94993591308594
2024-09-19,228.3673858642578,436.93756103515625,117.85104370117188,189.8699951171875,161.76808166503906,558.1527709960938,459.7099914550781,243.9199981689453,137.3000030517578,206.8490447998047
2024-09-20,227.6988525390625,433.53118896484375,115.98133850097656,191.60000610351562,163.21475219726562,560.39892578125,455.30999755859375,238.25,132.72000122070312,207.4485321044922
2024-09-23,225.97265625,431.77825927734375,116.24130249023438,193.8800048828125,161.47874450683594,563.4537963867188,454.9800109863281,250.0,132.24000549316406,207.79249572753906
2024-09-24,226.8706817626953,427.4555969238281,120.85055541992188,193.9600067138672,161.917724609375,562.3756713867188,454.55999755859375,254.27000427246094,138.2100067138672,207.9398956298828
2024-09-25,225.8728790283203,430.3838195800781,123.4901351928711,192.52999877929688,161.11956787109375,567.34716796875,452.3599853515625,257.0199890136719,137.77999877929688,206.56407165527344
2024-09-26,227.02035522460938,429.5870361328125,124.02005004882812,191.16000366210938,162.35671997070312,566.8780517578125,454.17999267578125,254.22000122070312,152.9600067138672,206.1611328125
2024-09-27,227.2897491455078,426.3101501464844,121.38047790527344,187.97000122070312,163.5739288330078,566.3988037109375,457.4700012207031,260.4599914550781,156.2899932861328,206.8686981201172
2024-09-30,232.4883270263672,428.5810546875,121.42046356201172,186.3300018310547,165.46957397460938,571.47021484375,460.260009765625,261.6300048828125,153.61000061035156,207.22250366210938
2024-10-01,225.71324157714844,419.00946044921875,116.9811782836914,185.1300048828125,166.60696411132812,575.4933471679688,457.4100036621094,258.0199890136719,147.47000122070312,203.46839904785156
2024-10-02,226.281982421875,415.4636535644531,118.83087921142578,184.75999450683594,165.47955322265625,571.839599609375,456.6700134277344,249.02000427246094,147.66000366210938,203.71408081054688
2024-10-03,225.17440795898438,414.87603759765625,122.83023834228516,181.9600067138672,165.47955322265625,581.78271484375,452.9599914550781,240.66000366210938,145.86000061035156,201.6896209716797
2024-10-04,226.30194091796875,414.39794921875,124.89990234375,186.50999450683594,166.67678833007812,594.930419921875,461.9700012207031,250.0800018310547,146.6999969482422,208.84832763671875
2024-10-07,221.20315551757812,407.90399169921875,127.69945526123047,180.8000030517578,162.6061553955078,583.789306640625,453.5,240.8300018310547,148.92999267578125,208.5615692138672
2024-10-08,225.27420043945312,413.0533447265625,132.86862182617188,182.72000122070312,164.00294494628906,591.8855590820312,453.79998779296875,244.5,144.67999267578125,208.38360595703125
2024-10-09,229.03591918945312,415.7923278808594,132.62864685058594,185.1699981689453,161.4887237548828,589.5095825195312,455.8999938964844,241.0500030517578,144.0399932861328,211.02362060546875
2024-10-10,228.53701782226562,414.1788330078125,134.78829956054688,186.64999389648438,161.70822143554688,582.8408813476562,454.92999267578125,238.77000427246094,143.99000549316406,210.45013427734375
2024-10-11,227.05029296875,414.6568908691406,134.7783203125,188.82000732421875,162.8655548095703,588.9505615234375,460.2099914550781,217.8000030517578,142.97000122070312,219.7940216064453
2024-10-14,230.79205322265625,417.4656677246094,138.0478057861328,187.5399932861328,164.5816192626953,589.419677734375,459.9800109863281,219.16000366210938,139.47000122070312,218.9931182861328
2024-10-15,233.33645629882812,417.0672302246094,131.57884216308594,187.69000244140625,165.08047485351562,585.2767944335938,462.67999267578125,219.57000732421875,128.39999389648438,219.89291381835938
2024-10-16,231.27099609375,414.45770263671875,135.6981658935547,186.88999938964844,164.78114318847656,575.8128051757812,465.69000244140625,221.3300018310547,130.3000030517578,221.12887573242188
2024-10-17,231.6401824951172,415.0552978515625,136.90797424316406,187.52999877929688,162.55625915527344,575.95263671875,465.8500061035156,220.88999938964844,130.9600067138672,221.9001007080078
2024-10-18,234.48391723632812,416.48956298828125,137.97779846191406,188.99000549316406,163.04515075683594,575.4933471679688,464.79998779296875,220.6999969482422,135.3000030517578,222.8394317626953
2024-10-21,235.96067810058594,417.1070861816406,143.6868896484375,189.07000732421875,163.69366455078125,574.185546875,464.1600036621094,218.85000610351562,132.4600067138672,220.4960479736328
2024-10-22,235.342041015625,425.8022155761719,143.56690979003906,189.6999969482422,164.76119995117188,581.0240478515625,461.45001220703125,217.97000122070312,133.4499969482422,221.6034698486328
2024-10-23,230.25323486328125,422.9038391113281,139.5375518798828,184.7100067138672,162.4066162109375,562.7349853515625,460.6099853515625,213.64999389648438,132.02999877929688,220.90145874023438
2024-10-24,230.0636749267578,423.0333251953125,140.38742065429688,186.3800048828125,162.34674072265625,566.818115234375,457.7699890136719,260.4800109863281,135.8000030517578,222.4538116455078
2024-10-25,230.9018096923828,426.43963623046875,141.51722717285156,187.8300018310547,164.89089965820312,572.27880859375,454.010009765625,269.19000244140625,134.75999450683594,219.8137969970703
2024-10-28,232.88743591308594,424.8858642578125,140.49740600585938,188.38999938964844,166.3375701904297,577.1804809570312,458.489990234375,262.510009765625,137.3300018310547,222.9679718017578
2024-10-29,233.15684509277344,430.2244873046875,141.22727966308594,190.8300018310547,169.29078674316406,592.2749633789062,454.6199951171875,259.5199890136719,136.17999267578125,220.3971710205078
2024-10-30,229.5946807861328,430.8021545410156,139.3175811767578,192.72999572753906,174.059814453125,590.79736328125,454.9599914550781,257.54998779296875,134.16000366210938,221.8902130126953
2024-10-31,225.4138946533203,404.72674560546875,132.7386474609375,186.39999389648438,170.71751403808594,566.6184692382812,450.9200134277344,249.85000610351562,132.58999633789062,219.4281768798828
2024-11-01,222.42047119140625,408.7306823730469,135.3782196044922,197.92999267578125,170.89707946777344,566.1991577148438,452.1400146484375,248.97999572753906,131.6999969482422,220.4367218017578
2024-11-04,221.52244567871094,406.82830810546875,136.0281219482422,195.77999877929688,168.851806640625,559.7301025390625,442.2900085449219,242.83999633789062,131.41000366210938,217.31219482421875
2024-11-05,222.95928955078125,409.8163146972656,139.8874969482422,199.5,169.35064697265625,571.460205078125,445.05999755859375,251.44000244140625,131.5,219.00302124023438
2024-11-06,222.23089599609375,418.50146484375,145.58657836914062,207.08999633789062,176.10511779785156,571.0808715820312,468.8999938964844,288.5299987792969,129.22000122070312,244.285888671875
2024-11-07,226.98043823242188,423.7304992675781,148.85606384277344,210.0500030517578,180.33538818359375,590.6976318359375,460.1300048828125,296.9100036621094,134.60000610351562,233.725830078125
2024-11-08,226.7107391357422,420.85205078125,147.6062469482422,208.17999267578125,177.94090270996094,588.3416137695312,463.4100036621094,321.2200012207031,129.10000610351562,234.31907653808594
2024-11-11,223.98373413085938,416.34014892578125,145.2366180419922,206.83999633789062,179.93630981445312,582.1820068359375,467.3599853515625,350.0,127.23999786376953,236.60313415527344
2024-11-12,223.98373413085938,421.340087890625,148.26612854003906,208.91000366210938,181.20339965820312,583.8292236328125,466.2900085449219,328.489990234375,121.91000366210938,236.8701171875
2024-11-13,224.8727569580078,423.5014343261719,146.24647521972656,214.10000610351562,178.4696807861328,579.0173950195312,468.1000061035156,330.239990234375,121.25,238.4521484375
2024-11-14,227.9693603515625,425.1846923828125,146.7363739013672,211.47999572753906,175.17726135253906,576.1821899414062,467.70001220703125,311.17999267578125,122.5999984741211,239.1541748046875
2024-11-15,224.7528839111328,413.3421936035156,141.9571533203125,202.61000061035156,172.09434509277344,553.1412963867188,470.2799987792969,320.7200012207031,123.22000122070312,242.55555725097656
2024-11-18,227.7695770263672,414.0991516113281,140.12744140625,201.6999969482422,174.8979034423828,553.4608154296875,472.20001220703125,338.739990234375,124.47000122070312,242.2786865234375
2024-11-19,228.02928161621094,416.12103271484375,146.98634338378906,204.61000061035156,177.71141052246094,560.1394653320312,468.8599853515625,346.0,122.47000122070312,240.3604736328125
2024-11-20,228.7484893798828,413.8302001953125,145.8665313720703,202.8800048828125,175.5763397216797,564.5619506835938,468.8299865722656,342.0299987792969,121.62999725341797,238.076416015625
2024-11-21,228.26902770996094,412.0437927246094,146.6464080810547,198.3800048828125,167.2454833984375,562.1360473632812,472.05999755859375,339.6400146484375,120.5199966430664,242.01171875
2024-11-22,229.61753845214844,416.16552734375,141.92715454101562,197.1199951171875,164.38206481933594,558.1928100585938,476.57000732421875,352.55999755859375,121.30000305175781,245.75917053222656
2024-11-25,232.61424255371094,417.95196533203125,135.9981231689453,201.4499969482422,167.26544189453125,564.1526489257812,477.42999267578125,338.5899963378906,124.0,247.47962951660156
2024-11-26,234.8018341064453,427.133544921875,136.89797973632812,207.86000061035156,168.73207092285156,572.5682983398438,478.55999755859375,338.2300109863281,124.6500015258789,247.16322326660156
2024-11-27,234.67198181152344,422.1435546875,135.31822204589844,205.74000549316406,168.84181213378906,568.2357177734375,483.0799865722656,332.8900146484375,124.91000366210938,246.9852294921875
2024-11-29,237.06935119628906,422.61260986328125,138.22776794433594,207.88999938964844,168.5624542236328,573.3470458984375,483.0199890136719,345.1600036621094,124.30000305175781,246.91603088378906
2024-12-02,239.3268585205078,430.1175842285156,138.60769653320312,210.7100067138672,171.0966339111328,591.82568359375,477.3299865722656,357.0899963378906,127.5,243.4849853515625
2024-12-03,242.3834991455078,430.3371276855469,140.23744201660156,213.44000244140625,170.9469757080078,612.6104125976562,470.19000244140625,351.4200134277344,128.25999450683594,242.07106018066406
2024-12-04,242.74310302734375,436.544677734375,145.1166534423828,218.16000366210938,173.9700164794922,612.7401733398438,468.32000732421875,357.92999267578125,127.19000244140625,240.6669921875
2024-12-05,242.7730712890625,441.7342529296875,145.04666137695312,220.5500030517578,172.24400329589844,607.8983764648438,470.57000732421875,369.489990234375,128.57000732421875,242.7236328125
2024-12-06,242.5732879638672,442.682373046875,142.42689514160156,227.02999877929688,174.30926513671875,622.7132568359375,470.5,389.2200012207031,133.8000030517578,244.58251953125
2024-12-09,246.47900390625,445.12744140625,138.79722595214844,226.08999633789062,175.1682586669922,612.530517578125,463.8699951171875,389.7900085449219,138.0500030517578,241.0723876953125
2024-12-10,247.4978790283203,442.4428405761719,135.05758666992188,225.0399932861328,184.9569854736328,618.2708129882812,462.489990234375,400.989990234375,133.61000061035156,240.133056640625
2024-12-11,246.2192840576172,448.0915222167969,139.29718017578125,230.25999450683594,195.1752166748047,631.6080932617188,461.3900146484375,424.7699890136719,135.64999389648438,240.7955322265625
2024-12-12,247.68768310546875,448.6603698730469,137.32736206054688,228.97000122070312,191.7391815185547,629.7213134765625,458.6300048828125,418.1000061035156,134.1999969482422,238.81797790527344
2024-12-13,247.85748291015625,446.37493896484375,134.23765563964844,227.4600067138672,189.6016387939453,619.2990112304688,457.8999938964844,436.2300109863281,133.66000366210938,237.245849609375
2024-12-16,250.7642822265625,450.6863098144531,131.98785400390625,232.92999267578125,196.43377685546875,623.6851196289062,455.20001220703125,463.0199890136719,132.11000061035156,236.889892578125
2024-12-17,253.20159912109375,453.5505676269531,130.3780059814453,231.14999389648438,195.1951904296875,618.889404296875,455.6600036621094,479.8599853515625,132.9499969482422,235.68359375
2024-12-18,247.77757263183594,436.5147399902344,128.8981475830078,220.52000427246094,188.18325805664062,596.6591796875,446.5899963378906,440.1300048828125,129.52000427246094,227.78329467773438
2024-12-19,249.51565551757812,436.15545654296875,130.66796875,223.2899932861328,188.2931365966797,595.0405883789062,449.3399963378906,436.1700134277344,130.10000610351562,230.34422302246094
2024-12-20,254.21051025390625,435.726318359375,134.68760681152344,224.9199981689453,191.18980407714844,584.7297973632812,453.20001220703125,421.05999755859375,130.5800018310547,234.93212890625
2024-12-23,254.98965454101562,434.3790283203125,139.6571502685547,225.05999755859375,194.40611267089844,599.3167724609375,454.3500061035156,430.6000061035156,131.7100067138672,235.7132568359375
2024-12-24,257.91644287109375,438.4508361816406,140.2071075439453,229.0500030517578,195.8843994140625,607.2097778320312,458.6600036621094,462.2799987792969,132.32000732421875,239.5892333984375
2024-12-26,258.7355041503906,437.2332763671875,139.91712951660156,227.0500030517578,195.375,602.8136596679688,459.0799865722656,454.1300048828125,132.5399932861328,240.409912109375
2024-12-27,255.30929565429688,429.66845703125,136.9973907470703,223.75,192.5382537841797,599.27685546875,456.510009765625,431.6600036621094,132.30999755859375,238.4620361328125
2024-12-30,251.9230194091797,423.9798583984375,137.47735595703125,221.3000030517578,191.02000427246094,590.7144165039062,452.1600036621094,417.4100036621094,131.24000549316406,236.6328125
2024-12-31,250.1449737548828,420.6565246582031,134.27764892578125,219.38999938964844,189.08224487304688,584.9895629882812,453.2799987792969,403.8399963378906,130.69000244140625,237.0184326171875
2025-01-02,243.5821990966797,417.74237060546875,138.29727172851562,220.22000122070312,189.2120819091797,598.7073364257812,451.1000061035156,379.2799987792969,129.57000732421875,237.30517578125
2025-01-03,243.0927276611328,422.5028381347656,144.4567108154297,224.19000244140625,191.56936645507812,604.092529296875,453.55999755859375,410.44000244140625,126.25,240.54833984375
2025-01-06,244.73092651367188,426.99383544921875,149.41624450683594,227.61000061035156,196.64352416992188,629.6398315429688,451.4100036621094,411.04998779296875,131.5500030517578,239.3755645751953
2025-01-07,241.94400024414062,421.5247802734375,140.12710571289062,222.11000061035156,195.26512145996094,617.3407592773438,452.9200134277344,394.3599853515625,133.0,241.6813507080078
2025-01-08,242.43344116210938,423.7104187011719,140.0971221923828,222.1300048828125,193.7268829345703,610.1771240234375,451.8399963378906,394.94000244140625,131.1199951171875,241.6416015625
2025-01-10,236.58987426757812,418.11163330078125,135.8975067138672,218.94000244140625,191.81907653808594,615.3125610351562,442.6600036621094,394.739990234375,132.39999389648438,238.40155029296875
2025-01-13,234.14256286621094,416.35516357421875,133.21774291992188,218.4600067138672,190.79026794433594,607.789306640625,443.9100036621094,403.30999755859375,134.02000427246094,242.71499633789062
2025-01-14,233.02378845214844,414.8382263183594,131.7478790283203,217.75999450683594,189.4418182373047,593.7218017578125,450.0299987792969,396.3599853515625,134.0500030517578,245.9550323486328
2025-01-15,237.60874938964844,425.4569091796875,136.22747802734375,223.35000610351562,195.32504272460938,616.5714721679688,458.510009765625,428.2200012207031,130.67999267578125,250.80516052246094
2025-01-16,228.00930786132812,423.7303466796875,133.55772399902344,220.66000366210938,192.68807983398438,610.756591796875,462.80999755859375,413.82000732421875,144.1699981689453,252.71340942382812
2025-01-17,229.7274169921875,428.1714782714844,137.6973419189453,225.94000244140625,195.77452087402344,612.225341796875,467.95001220703125,426.5,142.0800018310547,257.573486328125
2025-01-21,222.39547729492188,427.64251708984375,140.81704711914062,230.7100067138672,197.82217407226562,615.9120483398438,468.57000732421875,424.07000732421875,146.35000610351562,261.4197692871094
2025-01-22,223.58416748046875,445.30712890625,147.05648803710938,235.00999450683594,198.1417999267578,622.94580078125,460.510009765625,415.1099853515625,148.0500030517578,261.2309265136719
2025-01-23,223.41436767578125,445.8160705566406,147.2064666748047,235.4199981689453,197.7522430419922,635.88427734375,459.8299865722656,412.3800048828125,150.75,264.3219299316406
2025-01-24,222.5353240966797,443.17138671875,142.60687255859375,234.85000610351562,199.9796905517578,646.9144287109375,463.19000244140625,406.5799865722656,154.35000610351562,263.21868896484375
2025-01-27,229.6075439453125,433.6903991699219,118.40910339355469,235.4199981689453,191.58934020996094,659.29345703125,474.70001220703125,397.1499938964844,158.75,264.2225341796875
2025-01-28,237.99832153320312,446.30511474609375,128.9781494140625,238.14999389648438,195.07533264160156,673.7305908203125,469.9700012207031,398.0899963378906,155.1699981689453,265.504638671875
2025-01-29,239.0971221923828,441.44482421875,123.6886215209961,237.07000732421875,195.18521118164062,675.888671875,469.260009765625,389.1000061035156,149.05999755859375,264.9480285644531
2025-01-30,237.3290557861328,414.1595458984375,124.63853454589844,234.63999938964844,200.638916015625,686.3893432617188,472.3500061035156,400.2799987792969,149.39999389648438,266.58795166015625
2025-01-31,235.74081420898438,414.22943115234375,120.0589599609375,237.67999267578125,203.78530883789062,688.5673828125,468.6700134277344,404.6000061035156,145.66000366210938,265.66363525390625
2025-02-03,227.75958251953125,410.09771728515625,116.64927673339844,237.4199981689453,200.99850463867188,696.840087890625,464.6099853515625,383.67999267578125,141.69000244140625,265.1766357421875
2025-02-04,232.54432678222656,411.5447998046875,118.63909149169922,242.05999755859375,206.14259338378906,703.5640869140625,467.489990234375,392.2099914550781,144.49000549316406,266.2997131347656
2025-02-05,232.21469116210938,412.4629821777344,124.81851959228516,236.1699981689453,191.1099090576172,704.2434692382812,473.7300109863281,378.1700134277344,143.0500030517578,268.77447509765625
2025-02-06,232.9638671875,414.9879150390625,128.66815185546875,238.8300018310547,191.3795928955078,711.3571166992188,477.2200012207031,374.32000732421875,144.8800048828125,275.2048645019531
2025-02-07,227.3800048828125,408.9300537109375,129.8280487060547,229.14999389648438,185.1267852783203,713.8848876953125,472.739990234375,361.6199951171875,140.6300048828125,274.1116027832031
2025-02-10,227.64999389648438,411.3951110839844,133.55772399902344,233.13999938964844,186.2554931640625,716.7623291015625,470.1700134277344,350.7300109863281,141.6199951171875,269.3807373046875
2025-02-11,232.6199951171875,410.6166687011719,132.7877960205078,232.75999450683594,185.10682678222656,719.16015625,472.6099853515625,328.5,142.6999969482422,273.3065490722656
2025-02-12,236.8699951171875,408.2214660644531,131.12794494628906,228.92999267578125,183.39878845214844,724.7352294921875,471.7300109863281,336.510009765625,144.4199981689453,273.7637634277344
2025-02-13,241.52999877929688,409.7184753417969,135.27755737304688,230.3699951171875,185.92587280273438,727.9124145507812,480.489990234375,355.94000244140625,149.0,274.62841796875
2025-02-14,244.60000610351562,407.6126708984375,138.8372344970703,228.67999267578125,185.01690673828125,736.0151977539062,479.5899963378906,355.8399963378906,149.6199951171875,274.8967590332031
2025-02-18,244.47000122070312,408.8202819824219,139.38717651367188,226.64999389648438,183.55859375,715.7332153320312,482.82000732421875,354.1099853515625,147.24000549316406,278.2362060546875
2025-02-19,244.8699951171875,413.94000244140625,139.21719360351562,226.6300048828125,185.05686950683594,703.1444702148438,483.7699890136719,360.55999755859375,143.64999389648438,277.5404968261719
2025-02-20,245.8300018310547,416.1300048828125,140.0971221923828,222.8800048828125,184.34768676757812,694.222412109375,481.79998779296875,354.3999938964844,145.64999389648438,265.16668701171875
2025-02-21,245.5500030517578,408.2099914550781,134.41763305664062,216.5800018310547,179.4533233642578,682.9423828125,478.739990234375,337.79998779296875,145.3800048828125,262.62237548828125
2025-02-24,247.10000610351562,404.0,130.2680206298828,212.7100067138672,179.04379272460938,667.5361328125,498.4200134277344,330.5299987792969,143.6999969482422,259.7401123046875
2025-02-25,247.0399932861328,397.8999938964844,126.61835479736328,212.8000030517578,175.21820068359375,656.9155883789062,499.82000732421875,302.79998779296875,144.0,255.82423400878906
2025-02-26,240.36000061035156,399.7300109863281,131.26792907714844,214.35000610351562,172.5312957763672,673.1011962890625,494.1000061035156,290.79998779296875,145.5,257.20574951171875
2025-02-27,237.3000030517578,392.5299987792969,120.13895416259766,208.74000549316406,168.30616760253906,657.6549072265625,502.4100036621094,281.95001220703125,143.16000366210938,257.4641418457031
2025-02-28,241.83999633789062,396.989990234375,124.90850830078125,212.27999877929688,170.0841064453125,667.6060791015625,513.8300170898438,292.9800109863281,143.67999267578125,263.02984619140625
2025-03-03,238.02999877929688,388.489990234375,114.04950714111328,205.02000427246094,166.81787109375,654.4677124023438,510.0799865722656,284.6499938964844,143.44000244140625,259.0245361328125
2025-03-04,235.92999267578125,388.6099853515625,115.97933197021484,203.8000030517578,170.72337341308594,639.4310913085938,495.8599853515625,272.0400085449219,142.99000549316406,248.718017578125
2025-03-05,235.74000549316406,401.0199890136719,117.28921508789062,208.36000061035156,172.8209686279297,655.886474609375,498.5,279.1000061035156,145.10000610351562,249.99017333984375
2025-03-06,235.3300018310547,396.8900146484375,110.55982971191406,200.6999969482422,172.1517333984375,627.371826171875,497.8399963378906,263.45001220703125,139.64999389648438,245.0307159423828
2025-03-07,239.07000732421875,393.30999755859375,112.67964172363281,199.25,173.66000366210938,625.1038208007812,495.6199951171875,262.6700134277344,138.55999755859375,240.7967987060547
2025-03-10,227.47999572753906,380.1600036621094,106.97016143798828,194.5399932861328,165.8699951171875,597.4584350585938,497.1000061035156,222.14999389648438,135.77999877929688,230.79840087890625
2025-03-11,220.83999633789062,380.45001220703125,108.75,196.58999633789062,164.0399932861328,605.171630859375,496.25,230.5800018310547,136.83999633789062,227.73724365234375
2025-03-12,216.97999572753906,383.2699890136719,115.73999786376953,198.88999938964844,167.11000061035156,619.00927734375,495.94000244140625,248.08999633789062,133.49000549316406,226.5048370361328
2025-03-13,209.67999267578125,378.7699890136719,115.58000183105469,193.88999938964844,162.75999450683594,590.114990234375,504.25,240.67999267578125,129.75999450683594,223.81143188476562
2025-03-14,213.49000549316406,388.55999755859375,121.66999816894531,197.9499969482422,165.49000549316406,607.5999755859375,514.5999755859375,249.97999572753906,132.1699981689453,231.0170440673828
2025-03-17,214.0,388.70001220703125,119.52999877929688,195.74000549316406,164.2899932861328,604.9000244140625,523.010009765625,238.00999450683594,133.75,232.49790954589844
2025-03-18,212.69000244140625,383.5199890136719,115.43000030517578,192.82000732421875,160.6699981689453,582.3599853515625,523.1400146484375,225.30999755859375,133.66000366210938,233.53155517578125
2025-03-19,215.24000549316406,387.82000732421875,117.5199966430664,195.5399932861328,163.88999938964844,584.0599975585938,525.27001953125,235.86000061035156,133.55999755859375,237.64620971679688
2025-03-20,214.10000610351562,386.8399963378906,118.52999877929688,194.9499969482422,162.8000030517578,586.0,528.72998046875,236.25999450683594,130.50999450683594,237.54681396484375
2025-03-21,218.27000427246094,391.260009765625,117.69999694824219,196.2100067138672,163.99000549316406,596.25,521.9099731445312,248.7100067138672,129.88999938964844,240.15078735351562
2025-03-24,220.72999572753906,393.0799865722656,121.41000366210938,203.25999450683594,167.67999267578125,618.8499755859375,525.8499755859375,278.3900146484375,128.99000549316406,246.5414276123047
2025-03-25,223.75,395.1600036621094,120.69000244140625,205.7100067138672,170.55999755859375,626.3099975585938,528.8699951171875,288.1400146484375,129.1199951171875,249.59263610839844
2025-03-26,221.52999877929688,389.9700012207031,113.76000213623047,201.1300048828125,165.05999755859375,610.97998046875,533.2100219726562,272.05999755859375,126.81999969482422,249.4932403564453
2025-03-27,223.85000610351562,390.5799865722656,111.43000030517578,201.36000061035156,162.24000549316406,602.5800170898438,534.52001953125,273.1300048828125,126.91999816894531,246.60104370117188
2025-03-28,217.89999389648438,378.79998779296875,109.66999816894531,192.72000122070312,154.3300018310547,576.739990234375,526.3099975585938,263.54998779296875,126.4800033569336,241.3633270263672
2025-03-31,222.1300048828125,375.3900146484375,108.37999725341797,190.25999450683594,154.63999938964844,576.3599853515625,532.5800170898438,259.1600036621094,123.87000274658203,243.79832458496094
2025-04-01,223.19000244140625,382.19000244140625,110.1500015258789,192.1699981689453,157.07000732421875,586.0,532.989990234375,268.4599914550781,123.81999969482422,242.16836547851562
2025-04-02,223.88999938964844,382.1400146484375,110.41999816894531,196.00999450683594,157.0399932861328,583.9299926757812,537.719970703125,282.760009765625,124.69999694824219,244.3151397705078
2025-04-03,203.19000244140625,373.1099853515625,101.80000305175781,178.41000366210938,150.72000122070312,531.6199951171875,530.1599731445312,267.2799987792969,120.33999633789062,227.29000854492188
2025-04-04,188.3800048828125,359.8399963378906,94.30999755859375,171.0,145.60000610351562,504.7300109863281,493.5400085449219,239.42999267578125,114.69999694824219,210.27999877929688
2025-04-07,181.4600067138672,357.8599853515625,97.63999938964844,175.25999450683594,146.75,516.25,490.3800048828125,233.2899932861328,111.16999816894531,214.44000244140625
2025-04-08,172.4199981689453,354.55999755859375,96.30000305175781,170.66000366210938,144.6999969482422,510.45001220703125,492.6400146484375,221.86000061035156,106.81999969482422,216.8699951171875
2025-04-09,198.85000610351562,390.489990234375,114.33000183105469,191.10000610351562,158.7100067138672,585.77001953125,521.4099731445312,272.20001220703125,117.81999969482422,234.33999633789062
2025-04-10,190.4199981689453,381.3500061035156,107.56999969482422,181.22000122070312,152.82000732421875,546.2899780273438,515.8099975585938,252.39999389648438,118.05999755859375,227.11000061035156
2025-04-11,198.14999389648438,388.45001220703125,110.93000030517578,184.8699951171875,157.13999938964844,543.5700073242188,524.1099853515625,252.30999755859375,121.25,236.1999969482422
2025-04-14,202.52000427246094,387.80999755859375,110.70999908447266,182.1199951171875,159.07000732421875,531.47998046875,529.52001953125,252.35000610351562,113.70999908447266,234.72000122070312
2025-04-15,202.13999938964844,385.7300109863281,112.19999694824219,179.58999633789062,156.30999755859375,521.52001953125,528.1699829101562,254.11000061035156,108.61000061035156,233.1300048828125
2025-04-16,194.27000427246094,371.6099853515625,104.48999786376953,174.3300018310547,153.3300018310547,502.30999755859375,516.4500122070312,241.5500030517578,108.93000030517578,229.61000061035156
2025-04-17,196.97999572753906,367.7799987792969,101.48999786376953,172.61000061035156,151.16000366210938,501.4800109863281,518.2100219726562,241.3699951171875,109.54000091552734,231.9600067138672
2025-04-21,193.16000366210938,359.1199951171875,96.91000366210938,167.32000732421875,147.6699981689453,484.6600036621094,506.9200134277344,227.5,108.22000122070312,228.99000549316406
2025-04-22,199.74000549316406,366.82000732421875,98.88999938964844,173.17999267578125,151.47000122070312,500.2799987792969,520.7899780273438,237.97000122070312,111.4000015258789,235.58999633789062
2025-04-23,204.60000610351562,374.3900146484375,102.70999908447266,180.60000610351562,155.35000610351562,520.27001953125,526.8099975585938,250.74000549316406,111.83000183105469,240.8800048828125
2025-04-24,208.3699951171875,387.29998779296875,106.43000030517578,186.5399932861328,159.27999877929688,533.1500244140625,531.6400146484375,259.510009765625,114.26000213623047,244.63999938964844
2025-04-25,209.27999877929688,391.8500061035156,111.01000213623047,188.99000549316406,161.9600067138672,547.27001953125,530.9600219726562,284.95001220703125,114.5199966430664,243.5500030517578
2025-04-28,210.13999938964844,391.1600036621094,108.7300033569336,187.6999969482422,160.61000061035156,549.739990234375,530.9400024414062,285.8800048828125,114.1500015258789,243.22000122070312
2025-04-29,211.2100067138672,394.0400085449219,109.0199966430664,187.38999938964844,160.16000366210938,554.4400024414062,534.5700073242188,292.0299987792969,112.0,244.6199951171875
2025-04-30,212.5,395.260009765625,108.91999816894531,184.4199981689453,158.8000030517578,549.0,533.25,282.1600036621094,110.37000274658203,244.6199951171875
2025-05-01,213.32000732421875,425.3999938964844,111.61000061035156,190.1999969482422,161.3000030517578,572.2100219726562,530.22998046875,280.5199890136719,110.5,246.88999938964844
2025-05-02,205.35000610351562,435.2799987792969,114.5,189.97999572753906,164.02999877929688,597.02001953125,539.7999877929688,287.2099914550781,112.47000122070312,252.50999450683594
